appid,name
15350,Brain Spa
33760,The Search for Amelia Earhart
34311,Kid Chameleon
34317,Columns III
36900,Angle of Attack
36910,All Aspect Warfare
42900,Hearts of Iron III: Semper Fi
46840,Ironclads: Chincha Islands War 1866
71110,ESWAT: City Under Siege
71111,Flicky
71167,ToeJam & Earl in Panic on Funkotron
211202,Golden Axe III
211203,Phantasy Star II
211207,The Revenge of Shinobi
211208,VectorMan 2
211209,Wonder Boy in Monster World
229790,Might & Magic: Heroes VI - Shades of Darkness
269430,Burning Cars
279280,Ohmicide
285670,Galactic Command Echo Squad SE
301250,SPORT1 Live : Duel
304190,Bloonz Toonz
312400,Frontline : Longest Day
313190,Pacific Liberation Force
314610,Vincere Totus Astrum
348000,Datswer
353260,Snails
354820,Prison Tycoon Alcatraz
360720,Soda Star
367040,InsanZ - Retro Survival Horror
371620,SBX: Invasion
385810,Retaliation: Enemy Mine
386330,HoD: On open seas
389690,Nightclub Emporium
389970,Blues and Bullets - Digital Comic
390960,The Last Sunshine
391410,"Rock, the Tree Hugger"
397760,Urban War Defense
398950,The End of an Age: Fading Remnants
406400,Axes and Arrows
411860,Save the Creatures
431470,Inside The Code
433830,Rescue From Goblin Deep
436850,Stellar Stars
439660,Tower Unite Dedicated Server
444020,Coffee Pot Terrarium
451700,Secrets of Deep Earth Shrine
462400,Slide Ride Arcade
465090,Don Bradman Cricket 17 Demo
466040,Pet Store Panic
473050,UnderWater Adventure
480710,Moatboat
488080,Taxi
494820,Acid Flip
498360,Puzzle Nebula
511960,Gravity Shot
521650,Genghis Khan / 蒼き狼と白き牝鹿・ジンギスカン
523890,StarDrone VR
527040,Armies of Riddle CLASSIC
530680,Grave Matters
532950,Hoyle Official Casino Games
542790,RacetronicVR
545000,Aoki Ookami to Shiroki Mejika / 蒼き狼と白き牝鹿
545010,Ishin no Arashi / 維新の嵐
545490,Akuya
552480,Havoc Runner
557420,Kamio Recoil
557760,Of Light and Darkness
560960,Magic Tavern
566140,Holo-Graham
570060,TacoFace
576690,Chess: King of Crowns Chess Online
577890,Arena: Blood on the Sand VR
578990,Two Worlds II HD - Shattered Embrace
585590,Emperor Kingdom
585820,Leylines
587710,Xenobox VR
588140,ESCAPE FROM VOYNA: Dead Forest
588350,VR Meditation SkyRun
600580,Dark Mechanism - Virtual reality
603080,Chronicles of a Dark Lord: Tides of Fate Remastered
605410,Fear the Dead
617720,ASTA : ASTA Server
618840,Samhain World
619610,Ultratank
620140,Bottle Flip Challenge VR
624060,Shattered Steel
637940,Weather Lord: In Search of the Shaman
646890,Distant Nightmare - Virtual reality
650580,Be Quiet!
650720,SlipDrive
655600,PHAT STACKS 2
656220,Sorcerer's Dream
658420,Agents of Aggro City Online
658760,Teal
660760,Bouncing Odyssey
661190,UNDEFINED
662950,CloudCity VR
664030,Time To Walk Alone
664120,Wildlife Park Gold Reloaded
665060,Triangulate
666090,Bad Government
667510,The Elmian Warrior
668570,Jack & the cat
672300,Air Traffic Disruptor
672720,Crime Solitaire 2: The Smoking Gun
672940,Galaxy of Drones
675370,Gulu
680100,Heroes of Myths - Warriors of Gods
683600,Football Mogul 18
683810,The Dark Age I : Zordon's Empire
683840,Galaxia Conquestum
683960,Tower And Guardian 塔与守护者
684570,Dr. Dungeon's MADMAN!
686490,ArkanoidSmoking
688170,Denki Gaka's Bombshell
690840,Martha Madison: Simple Machines Volume 1
692530,Community Garden
692660,Invictus: In the Shadow of Olympus
693300,Unbalance
699970,the Breath.
700880,Kingdom: The Far Reaches
700910,Royal Agents: Sweet Zombie
704430,Space Survivors I: The Reckoning
708590,Battle Master
709050,GHOUL
709480,麻将VR
709610,Mahjong Match
711460,Duel Survival
713830,Pivot Puzzles
714570,Hidden Object - Tools
717320,Tales of Inca - Lost Land
718350,Loot Collection: Mahjong
719300,Daemonsgate
719310,King's Table - The Legend of Ragnarok
719540,VR DREAM MATCH BASEBALL
721470,Snake Treasure Chest
722340,Captain vs Sky Pirates
723210,Mind Sweeper VR
724950,Hope is in 23
729270,ALVAROK
733420,Fragments
738080,Creatio Ex Nihilo: Aition
738190,Morth
740560,star of lemutia
744170,Starfighter Neon
744610,TAD: That Alien Dude
745750,Viking Village
747810,Flow Handcrafted
752880,Sounds of Music
762630,Dark Wish
762670,Astro Joust
763300,GAME TUBE ♛
764390,Synced Warriors
765370,RTS Commander: Smash the Rebels
769630,紅蜘蛛外伝：暗戦
770360,Lowpoly Hero
771820,Rookie Math Pro
773610,Hill Quest
774501,VR Soccer '96
777860,Jambo
782700,Jerry and the mystery loot box
783220,Block Shock
784040,Food Monster and Animals Memory Match
786330,Internal Storm
787140,The Adventures of Kusoge
790300,Puzzle for Kids
791380,Way Out
791880,Essence of Illumination: The Beginning
792080,glutton man
792230,Zombie Serial Killer Incident
793000,Star-Pit Starship
793060,Starship
793250,Casino Poker
794050,Drift Legends
794630,Puzzle 3D
795120,To The Capital 2
799340,Battle for Gaming
800160,斗地主VR
800170,隐-Stealth
807820,Mystery Village: Shards of the Past
808870,Multiple Views Objects 多视体
809830,China VS Roman
814190,Digital Runner
815840,Sword Mans
816040,Dot Debugger
816200,Planet Assault
816840,Night of the Shrub Part 1
817390,Age of Giants
817920,NO LOVE
819080,Moto Racing 3D
819640,Crypto Quest
819950,Archer's story
823330,Marginal act
825450,Type
826580,Mervin and the Wicked Station
827590,Nova Wing II
827780,Margot's Word Brain
834210,Clicker Planet
837720,Tactical Mind
838530,Ball Escape
839540,Electroquest: Resistance is Futile
840170,Delivery man simulator
840940,Spirits of Metropolis: Legacy Edition
841470,greenTech+ Legacy Edition
841790,Adventures in the Light & Dark
842030,Not So Middle Ages
842070,FantasyDynasty: Le château DERETIC
844350,Obscurity
846530,LifeGameSimulator
850930,MODERN ROAD-LIKE
851920,Nova Wing III
854510,Warlock: Tower Defence
857110,SPACE BLASTER 8 BIT
857410,Red Spider3: A Heroine Never Dies
858180,Adventures of Mike
859720,Cubelz
863840,MinerXP
864020,Lost Legend
865100,李教授的知识问答
866340,Colonumbers
868910,Cryptozookeeper
869930,Up And Up
873050,Crescent Hollow
874250,Hum Drum Experiences
874810,Brick Breaker Premium 3
875780,Trivia King
875790,The Movie Trivia Challenge
877300,Liquid Sunshine
878310,Dishwasher
883390,Beyond the Mind
884630,Golden Fall
886450,Night of the Shrub Part 2
887870,Retro Racers 2
888570,Zombie Head
889990,RGBCELLS
891470,Falling Blocks
893120,Synthrun
893590,Monopolist: Technological Revolution
894120,Ghostman: The Council Calamity
895210,On Board Remastered
895570,Fairy Rescue
895930,Maze Quest 1: The Forest
904770,Divine Miracle Defense
905270,Merlin Soccer
905300,Daytona Racing
906170,Metal Brigade Tactics
906480,Defenders of Ekron - Definitive Edition
906950,Bomb Riders
907920,建筑大冒险 Architectural Adventure
908310,The Call
912730,Gamble of Gods
912760,Volcanic Blocks
914230,Swamp Jump
916210,Fabrication
920580,Tanks With Hands: Armed and Treaded
921920,Robikon
924040,Fairy Tower Defense
925700,Evening Star
928940,Pirate Island Rescue
929420,Sakura Day 2 Mahjong
936210,The Prometheus Secret Noohra
937620,Zack Y
938100,Sacred Earth - Promise
938360,The last soldier
938870,Chronon
943670,Contraverse
945540,Knights of Riddle
946810,the Escape
947310,Wonderland Trails
949830,Shrines Of Sacred Essenсe
950600,Zoological Era
951500,Poker Tower Defense
952850,败家仔 Last Wish
956000,Su Hack
956430,Steampunk Graveyard
956590,Yet Another Snake Game
962170,Ultimate Legends
962650,Paroniria 梦缚
964050,"Turn the mirror, please."
967170,Drum Simulator
971230,Daedalic Complex
972230,WatchFamily
972620,Gems Kingdom
974220,MEMORISE : CREATION
976240,Spaceguy: Red Space
976840,Happy Vampire Girl
977110,Elite Archery
979550,Evolo.Mine
982010,ZDF History 360° – Tempelhof
982320,Battle of the Boros
984870,Tecroroid Assault
986320,AA Touch Gun!
989000,Ruthless Water
990110,87 Aftermath: A Rolling Ball Game
996170,Mage VR -Mini Version-
1001990,WARED
1007440,Solitaire: Learn Chemistry
1008450,Maze Quest 2: The Desert
1008970,Cavyrn
1009030,Hello Emoji: Drawing to Solve Puzzles
1009690,Saving Simon
1016350,Land of Dread
1022040,Candy Mandy
1023020,Slime Crunch
1024150,Valentines Cafe
1025990,Human Cube
1031230,Midnight's Curse
1033370,Fruit Crawler
1035410,xMoon
1036320,Once Upon A Death
1042900,Borderlight
1045150,Contort Effect
1046350,Aerial Raver
1047340,TimeFall
1050170,Terramancer
1055660,十日
1055870,Siberian Run VR
1058150,Twinkle Star - 未来はすぐそこで待っている
1058990,MissionMaker
1059470,Wolfgate
1063100,Re[Map]
1064930,Divine D.I.V.A.
1067410,El Remedio de Aldorf
1068130,Hippo eating banana
1068300,Logitech VR Ink Driver
1070030,Under Stranger Stars
1071740,Pirates of First Star
1078040,BRG's Red Riding Hood
1078590,虚幻深渊 The Illusory abyss
1079610,Counterspell
1080090,Project ONe プロジェクト・ワン ～ハロルドはつらいよ～
1081720,Robo Run
1082700,Dinosaur Shakespeare: To Date or Not To Date?
1085210,Fruit Mess
1085840,World Leader Card Game
1086140,Weaving
1086260,Deck Box Dungeons
1086630,Spelling Quest Online
1087310,DOOMTANK
1088110,Meowk and Frocco
1088440,The Panel DC
1089520,Nigel: The Minuscule Adventure
1090490,Tiktalec And The Dino Moonbase
1090910,Rapture
1093690,Couch Storm: Battle Royale
1094020,天下往事 Journey of the world
1095090,The Remission of Sins
1096290,Real Man Got 100 |  是男人上100层
1102210,The Legend of Viccess
1104170,Cosmo Chaser
1106950,Furries & Scalies: Friendswood
1109100,El Tesoro de Isla Alcachofa
1116300,Bounce
1119630,DarkFairyTales SleepingBeauty
1122090,DanceGirl-Swimwear
1125980,VoxelSuite
1127250,Deadly Maze: Phase 1
1128200,Ginga Kagekidan - 放課後くるーずっ！
1129110,Magistrangers
1129210,A Million Conquests
1129610,Book Seeker
1131460,明日探险家
1136870,Nibiru Voyage
1138150,Fiery catacombs
1139100,An Egg Can Dream
1139840,TILTit
1140930,You are apt
1141160,Fractalis
1144760,Vectrix
1147200,SnL
1148420,Kunoichi Ninja
1149630,Project: Gemini
1150540,Offcoast
1150670,Sorcerer Lord
1150820,Delphyq
1152830,BounceBall3D
1153060,Juicy Army: Prologue
1154800,ISLA test
1156910,Galactic Management
1157100,Starazius
1159590,Lost In Dungeon
1160560,Galmon Folklore ~Monster Girl Galore!~
1161210,Ray Versus
1161300,The Legend of Crystal Valley
1163490,Gangsters 1920
1164350,Anime Otaku Girl 二次元宅女
1164760,Vugluskr: Zombie Rampage
1166790,Hexterio
1167800,Exphelius: Arena
1168990,Planet destroyer
1171950,Dragon Little Fighters 2
1175490,Code Zero
1176090,Adventure Galaxy
1181300,Abda Redeemer: Space alien invasion
1184590,CubeHub
1185530,My Wet Leto Comic
1187670,Holo Views
1192840,The Shenanigans of Cherry and Trix
1193200,K37-D
1193350,生物知识格斗大赛
1195450,HABITKING RPG
1197340,Dead territory
1198490,All That Remains: Part 1
1198890,Remuage - MeltySensation
1204480,Candera: The Forgotten Realm
1204950,Cecil Run
1205800,Hexon
1206730,Tower of Arcana
1208470,Foxfall
1210260,Purgatory Overkill
1211060,Mission:Amazing
1213070,Pioneerz
1214400,A Percent of a Pirate
1215720,Hero's Journey
1217640,God's Challenge
1219310,欢乐逗病毒TD
1219790,Intern Pursuit Game
1220580,Sky Pirates of Actorius
1220980,Where's Home?
1221330,One Shot
1224650,Super Arcade Boy in Goodbye Greenies
1225680,Cube Chase
1226420,The Tide Intro
1227580,Trasta
1228700,GodOrEvil.1
1228920,Invaden
1230570,Shotgun n  Zombies
1230880,Gladii
1231920,Convoy Mod Tools
1233460,Star Escape
1234360,CanCan the Game
1234580,fullybroKEN - A Unique Mix of 4X / Post-Apocalypse / RPG / Roguelike
1236320,Phalanx of Resistance
1237670,Anti Air
1237700,Building the Universe: The Beginning of Time
1238340,Terra Lander II - Rockslide Rescue
1240090,Hiragana POW!
1240680,Hades Ultimate Fighting Ball
1241250,Notera
1242730,双子树 TwinTrees
1245930,Flaming Friday Night
1246650,Réel Futur
1249620,"Adventures of JQ Jones: ""Isle of the Serpent Empress"""
1251380,Bottle Journey
1253030,Cubecois
1255300,Space Sergeants
1255420,Murders in Space
1256480,A Siren's Call 2 VR: Legacy ( A VR Short Story)
1257520,"Zatorski, Ph.D."
1257720,Help Me Now
1257950,Motor Mash
1258000,RADARjAM
1258200,Forsaken Spire
1258420,Valkyrie's Arrow | 瓦尔基丽的箭
1259150,Plan V: Virtual Studio
1259390,Military Service
1260720,Elemental Echoes
1264090,Once Upon an Electric Dream
1268280,Knockdown the Ball Twice
1269110,勇者的十日人生
1269930,Frag Grounds
1270420,Box Nation [] Lets Go Build and Fight
1271990,Premier Manager 09
1272000,Premier Manager 08
1272020,Premier Manager 06/07
1272040,Premier Manager 04/05
1274340,ColorsInvasion
1274380,Etheldia Pepper
1274930,Planet 2000
1276090,Creator Adventure Legend
1276170,Pandemic Panic!
1276850,Kane's Shadow
1277360,异界大陆
1278000,HistoryMaker VR
1278930,Math Puzzle Alpha Challenge
1282240,泡泡三国
1282740,CNDL
1283240,Center2048
1283250,Audio Party Pack
1283520,The Odd Neon Void
1283620,Run!!!
1283720,Cube Miners
1283760,COVID-19 (CORONA VIRUS)
1284430,Nazi Labs
1284480,Beatitas
1284740,不思議の鎮守府
1286810,Mission Biotech
1287180,Squares
1287940,Blaze
1288030,BoxxyQuest: The Gathering Storm
1289770,Robot Builder War
1291110,Poly Party
1291470,Robot Paradise VR
1291610,Space Trains
1292720,Type Up
1293190,Hunt Planet Bug
1293950,Masquerade of Miasma
1294340,Wonhon: A Vengeful Spirit
1294360,Undead Run
1295210,Snack clearing
1299150,Software Engineering Course / Informatyka - zrozum i zaprogramuj komputer
1299720,Les Manley in: Search for the King
1303270,Ungeon
1303930,SkunkHunter 101
1304100,The Adventures of Fatman: Intergalactic Indigestion
1304310,Ace of Space
1304790,罗马之链
1305610,Cosmodome
1310770,Valiantia
1312160,Astro Dash
1313330,HEDE Game Engine
1320110,The Adventurer - Episode 2: New Dreams
1321110,MonsterTerritory
1322520,The Door Of Redemption
1323190,Sbeve
1323580,Buddy's Creative Quest!
1324730,Steam revolution VR
1326710,TIGER GAME ASSETS
1330500,AHEAD
1330510,Lonely Red Night
1331610,Super Neo Tanks
1335600,Tiny T
1337170,Lords of the Shattered Kingdom
1337210,I Wanna Build a Robot
1339370,MV Mazes
1339810,Slimey Champions
1340730,Oath
1341090,Space Castle
1341270,Die drei Freunde von der Reitschule
1341830,Steel Thunder
1341980,Coronavirus - Nano Force
1342640,Relic Guardians: Complete
1342900,Basketing
1343110,Realms of Eternity
1343330,Xendless
1344340,GALSAD - Galactic Salvage and Disposal
1344760,Night Rogue
1344860,Thrust Legend
1344930,MagVigor
1345050,Wotheguel
1345730,江湖侠客令
1345830,迷宫：消灭机器人
1345980,Survive.com
1347710,Sink
1348880,Restricted Area
1349890,The last earth man
1350470,Impossible Target
1351650,No Cure
1351720,Sharks of Mars: Prologue
1352590,Requiem Aeternam Eden
1353130,Hoplichess
1353860,Robo Terror
1354080,The Horrors at Castle Wülhein
1354420,The protectors of Deya
1355300,Swallow The Blue
1356380,Pendelum
1357490,Gunboat
1357540,Altered Destiny
1357580,XF5700 Mantis Experimental Fighter
1358050,Sanatorium «Anthropocene Retreat»
1358100,Directional Isolation VR
1358430,War War
1360280,CATMAN-GIMMICK ACTION GAME-
1360890,JUST A GAME
1361100,两体
1361430,Magical Stock Princess
1363020,100-Level Dungeon
1364360,Last Space Mission
1364460,Keizudo
1365630,BAL Solid
1365680,Insulated at the bottom
1366000,Dream Of Salmon
1366160,Top Billiards
1366270,Primal Carnage: Extinction - Workshop Tool
1366680,San Diablos
1367160,Wetlands
1367170,Planet's Edge
1367350,Destructive Behavior
1368000,Secret Agent Allan Martin in ... Phoenix Erupting
1368060,dead run
1368560,Rogue Randy
1368830,回纹战棋
1368970,Rover Mechanic Challenge - ERC Competition
1369410,Dream Stone 2
1369570,Spirit Messages
1369830,Kaiju Krashers
1370560,Brash Monster Simulator
1371160,InMaze
1371350,Solenars Edge II: Champions
1371540,Spartoi Meadow
1372260,Watch Your Helmet
1372670,86
1373230,Portals World
1374590,Monsterwolf
1374740,Isolated Life
1376020,BattleMaster
1376140,CounterBlocks
1376470,Hunted
1377160,Enlightened Sentinel
1378390,Endurance - space action
1378820,Escaping Hell
1379120,MechNest
1379320,Anime Play Life: Unlimited
1379590,Adventures in Morality: An Interactive Case Study
1379640,aMAZEd
1379980,Unscripted
1380260,Space Empires: Starfury
1381360,Lair Hockey
1382350,The Beast of Stormy Forest
1382670,FIRE  TRUMP - Air Combat VR
1382870,World War Academy: COMMANDER 1
1382890,Mystic Midway: Rest in Pieces
1383120,LouveSystems' TrackMasters
1383290,Kidgilantes
1383920,Shattering Obsidian
1384840,XOL
1384990,魔法考核冒险
1385190,After The War
1385570,Fateholder Quest
1386110,Xentron Attack
1386460,Zodiakalik
1388310,Tumbled
1389410,Record of Battle 3D Maiden Wars
1389540,Wesprau Senki
1389740,Accel Magician Mimi
1391650,Loch Mess
1391720,HANG IN ! MONKEY BARS ROBOT
1392190,Rock Paper Sock
1392750,Lost Patrol
1393220,Electrify
1393650,BlockBustersVR
1393960,Battle Command
1394570,Pass to Hell
1395120,At Eve's Wake
1396930,The Unreal Story
1397690,Riot At World
1398130,Head Bumper: Editcraft
1399040,This Is Not Chess
1399460,Museum Of Extravagance
1399760,Randomlands
1400680,Impossible Mission II
1401360,Friendly Find
1402700,Red Falcon
1403230,Penny RPG: Shadows of the Lost - A Blood City Tale
1404350,Eden: New Dawn
1405980,"Astronomy Lab on PC: Relativity, Lunar Landing, Space Flight, and Interstellar Travelling"
1408050,Our Hero! Two
1408420,Ancient Worlds: Egypt
1409250,Harmless Demons
1409810,月之泪 ～ Tears of Luna
1411410,Paddle Combat
1411710,Forklift & Box
1411940,Silence in the Dark
1413260,Traveler of Artcaster
1413650,The Civil War
1414500,Voyeur
1414710,Arc Wizards 2
1414920,Knightmare
1415110,Second Chance
1415580,Heart World
1415670,High School of Memories
1417400,Escape from dinosaur island
1417680,Damien
1417970,Surprise Party!
1419140,Little Big Monsters
1419200,Way Walkers: University 2
1419580,ToVer Defense
1422680,Battle Sad Boy
1423410,Zone of Death
1423420,Sublunar
1424010,Slaves of Magic prelude
1424120,Synth Swinger
1424190,Curious Alice
1425110,Space Empires I
1425790,刺沙
1427150,The Episodic
1428630,Diamond hunt
1429700,ARCADEON VR
1429890,Singularity
1430070,Too Different
1430140,Space Empires II
1431470,Mythos Ever After: A Cthulhu Dating Sim
1432730,911 Emergency Manager
1433040,Dragon Fury VR
1433910,Dragu's Puzzle Adventure
1434160,My Empire
1434470,RagDoll MadDoll
1434780,Tech Madness
1435230,BLACKBODY THEORY OF MOTION
1435330,Costume Kingdom
1436280,Plan Z
1436440,Sleeper Cell
1437020,Monster Seek Ep.1
1437040,Starshot: Space Circus Fever
1437210,Bring Back The Sun by Daniel da Silva
1438710,Modern Arena
1439550,Vagrant Sword
1440050,Объемная История
1440330,In It Together
1440380,Burn The Witch
1441340,Sunflower Code
1443500,Frog's Princess
1443810,Round 99
1444700,Zen! Slider
1445050,Keywords of A Life
1445890,Lithoi - Trials of Memory
1446090,PAGO FOREST: DRAGON'S REVENGE
1446180,Leak Elite
1447020,Vortex Escape
1447160,Difficult Platformer Game
1448070,KosmoSquad
1449290,Revizor
1449580,The Gurion Mountains
1450750,Deva｜The Haunted Game
1450790,Crazy Wheels
1451860,Cyber Badminton 2020
1454320,LabRat
1455930,BringIT to MOM
1457920,VITATIO 3
1458330,Mythlands: Flappy Dragon
1459170,Military Crusaders
1460710,Updive
1461410,Ring Miner
1462680,Asdivine Cross
1463030,Jump With Dragons
1464420,Tower
1464840,Monolith
1466300,Stack Defense
1467590,Frontiers Reach
1468370,Snow Strike
1469330,Unlimited Fight
1470130,Dominate Square
1470660,Amborettio
1470870,Because its hot! - Why pizza? PROLOGUE
1471470,Tales of Lagoona
1471680,Cyclemania
1473640,Space Nations - Battlearena
1476220,Catch a cat for 60 seconds
1476940,Skinwalkers
1477120,REVENGER
1477320,Warring States
1477450,一人之下之寻炁迷踪
1477850,Millennium Atoll
1479210,Hustomten
1480260,Rathe: The Beginning
1481070,Max Raider
1481430,"No Sushi, No Life"
1483110,Alien AI
1483600,逢魔之時
1486870,Hiddenverse: Ominous Opus
1488020,Bird
1488420,Wind from city
1489020,Eternal Secret
1491120,Galaxy's Extreme
1492930,IMUGI
1494100,VIRTUAL SOLDIERS
1495800,Moon Defence
1495910,Omega Blade
1496470,Fall Balance Ball
1498290,青鳥樂園 Blue Bird Land EP.1 上篇
1498660,Star Ships
1500760,Scraplers
1501110,Aim: Warmup
1501640,Fallen Rebellion
1501760,Rogun Arena
1502250,Dragonborne
1502540,The Sisters - Party of the Year
1503480,Paradigm Shift
1504030,Hover Ship
1504630,Zero-G Revolution
1505790,Edifice of Fiends
1505830,Evil Shogun
1506430,Asteroids Belt: Try to Survive!
1506630,Minicraft Shooter
1507650,The Lodge
1507890,The Demon Rush: Legends Corrupt
1512520,4096
1512730,Relax It's Aqua
1512800,Mars Quest
1513090,Blimps
1513240,L'Onza the Bounty Hunter
1513390,夏日的回忆
1513650,Gun Bots
1515730,Yellowlooper
1516340,Necore Tower - Redux Edition
1516960,Flying Frags World Tour
1517190,The Daunting House
1518990,Degradation(Alpha)
1519850,STOP and MOVE
1520570,DreamCatcher: Reflections Volume 1
1521780,Ruin
1522860,flaming/million
1523130,神启神落
1524160,孙美琪疑案 第四季
1525210,Steel Graves
1525540,Double world. cave song castle
1526020,Bullet Time
1527460,Azrael
1527710,Earth Elements
1529440,Bomb Escape
1530180,孙美琪疑案 第五季
1533870,Atrius Star
1534430,Play The Fox
1534900,VR Guardians
1535880,The Curse of Illmoore Bay
1537960,Click and Relax
1537980,Myriavora
1539360,Charlie The Roach
1540440,Retro Classix: Wizard Fire
1541110,Demon Zombie Outpost
1541670,Giant Blobs From Mars
1543020,Rise 2.0
1545880,Herman Electro
1546630,Tank War Nexus
1547110,Commandos Pro Simulator
1547420,Siphonophore
1547990,Vivian's Kurse
1548660,Bunker Down
1549140,Apolune 2
1550050,Raptors of SouthEdge
1550800,Omega-Altro
1551480,The Girl Who Sees
1551820,Twin Mind: Murderous Jealousy Collector's Edition
1553530,Allan
1557050,Combat Chess
1557760,6 Feet Behind
1558740,Planetary Defense
1559990,Exorcised
1560320,Endless Furry Pinball 2D
1562440,SunSenSim
1563380,Cpt.Balloney - painful days at home
1564080,ADD
1565150,Maya's Dice
1565180,Insanium
1565780,Scaper Dash
1565800,Tower Attack
1566500,Strife: The Expanse
1567680,Cosmic Tank
1568060,Killer 19
1568440,Sands of Fire
1568450,Search for the Titanic
1568620,MetaPhysical
1570620,Universe 25
1573070,Endless Furry Blackjack
1573710,Monster In The Dark
1575900,Old Stories: Fireheart
1576790,FPS Tactics
1576900,Spirit Bounce
1580890,Save The Heart Planet
1582260,Color Pixel Heroes
1583000,Theofil
1583780,Dragon Hunters
1584800,Dark Frame
1585040,Death Upon Us
1585460,Furry Shakespeare: Oops! All Dragons!
1586570,24世纪后
1587390,Network
1589080,Grim Tales: Trace in Time Collector's Edition
1589420,Memorize Cards
1589830,Lords of the Darkreign
1589860,MAYBE I CAN
1590970,Woebegone Woods
1591160,SCP: Undeads Winter's
1592950,Deadlokk
1595090,Swarming Planet
1595540,Sam & MaRU
1595930,The Far Kingdoms: Hidden Magic
1597670,Astralis
1599220,League Space
1600960,Seafarers
1605600,Final Stand: Ragnarök
1605640,Empower
1605760,Mystery Trackers: Forgotten Voices Collector's Edition
1605950,SpaceShips
1607820,Ele-Mental
1608010,Unchosen: Forsaken
1608740,Darkness Arrives
1610790,Cossack and Magic
1612150,Forgotten Forest: Eye of the Great One
1612550,Haunted Hotel: Eternity Collector's Edition
1612980,VR Game Station
1615750,Wolfriders A Sniper Adventure
1617800,Kin's Chronicle
1623320,Little Big Guy
1624620,SuperSecret
1625130,Orbit-X
1625280,Shackled
1625420,Skyward Descent
1626710,Ray Attack
1627120,Operation Body Count
1627140,Sabre Team
1627230,Retro Classix: BreakThru
1628470,Monster Academy
1629150,Gazmatera: Return Of The Generals
1629160,Peg Solitaire
1630640,Ichth.ys
1631930,The Insignia Project
1633050,Devoul- Curse of the Soulless
1633470,爱与命的彼端
1633550,Dark Harvest
1634290,Chuhou Joutai 2: Paraided!
1637700,Infiltration: Alone in Combat
1638920,Mystery Trackers: Nightsville Horror Collector's Edition
1640260,ChineseZodiac
1641060,Castles & Catapults
1641330,Tree Strike
1641510,Armed Emeth
1643460,たたかえ！ハルモニア音楽隊
1644390,HyperFeat
1646240,FukTopia 2
1646660,Abridged
1646820,Action Commando 2
1650400,Randy And Teddy Adventure Road
1650740,Grim Tales: Threads of Destiny Collector's Edition
1653320,Amneron's Legacy
1655210,明明如月
1655910,World Legends
1656210,The Adventures of Herbie & Katt LeChatt
1658740,Zyconix
1659710,Devileader
1662830,Salt and Sails
1663140,女孩与七匹狼
1666430,Candy land
1672240,Surface: Lost Tales Collector's Edition
1675170,VRAstroSmash
1676600,末日航路-The Termination
1677480,Coral Quest
1677630,In Space No One Can Hear You Clean
1678060,Tactical Vanguard Saga
1680070,Casual Golf
1680440,Sin-Cay
1681380,Haos
1683620,Plan B from Outer Space: A Bavarian Odyssey
1684240,Metal Faith
1687280,Starfighter Aces
1688470,Rat Prison
1691790,Porter in the Castle
1692850,Historic Fighters
1693390,XOMBEE MPFPS
1693460,KILLER
1694320,Nilia
1696930,Conundrum
1697250,Brick People
1697630,DROPTCH
1698110,Project:Special Forces
1700860,Strings of Divinity | The Spell Plague
1702550,The Birth of an Artificial Intelligence
1703030,The Key of Rednow
1705870,CUBE-e 2
1708570,Those who Came
1709090,Candy gun
1712670,Idle Trading Simulator
1713410,Metal Golem: First Contact
1713530,Station Commander
1713550,Star Witch
1714010,The Fortress of Varnolis
1714280,Queen of Zarkov
1714860,邪神大陆(Evil God Land)
1714960,Astero Inc.
1717800,Gladiator of sparta
1718740,Space Battle SVF
1721910,CABOUS
1723730,Me Vs You
1724060,Always The Same Nightmare
1724290,Outergalactic Aliens Pinball
1724410,Raster Prime [REMIX]
1724470,Valkyrie: Journey To Midgard
1724510,Detective Gman
1727430,BASIC ROGUE
1728960,Evolution of War
1729840,Core Alpha
1730630,The Dawning Clocks Of Time
1733090,Station 35
1734330,POWERTRIP
1740070,Heliopedia
1740170,Tap Tap Builder
1741520,Air Strike
1741620,Spirit and Katana
1743610,Running Water
1749710,Legends of Murder Collection
1749720,Zombie Dinos from Planet Zeltoid
1750280,Defend the Fort
1751160,Failling Capsule
1751850,Ghost Terminator
1754390,Mystery Trackers: Train to Hellswich Collector's Edition
1762120,The Cruise
1762560,In The Valley of Death -Prologue-
1766270,Join Rush Attack / 加入突袭
1767490,Typeds
1769630,Grim Tales: Crimson Hollow Collector's Edition
1769780,The Graffiti Creator
1770630,Fear in The Modern House - CH3
1773390,The Northern Gate : Special agent
1778780,PhyTetris-Physics Tetris
1779240,天国病院-Heaven's Hospital-
1779590,Project Runner
1782940,Cyndefense 2
1786660,Marimoth
1796610,Winding Road
